{"cameraMode":{"drawMode":0,"name":"Shaded","section":"Shading Mode"},"sceneLighting":false,"audioPlay":false,"sceneViewState":{"m_AlwaysRefresh":false,"showFog":true,"showSkybox":false,"showFlares":true,"showImageEffects":true,"showParticleSystems":true,"showVisualEffectGraphs":true,"m_FxEnabled":true},"in2DMode":false,"pivot":{"x":-0.006042957305908203,"y":11.270000457763672,"z":-0.007292747497558594},"rotation":{"x":-0.17033155262470246,"y":0.04048750177025795,"z":-0.007014348171651363,"w":-0.9845485091209412},"size":7.423825740814209,"orthographic":false}